{
    "opts": {
        "recurse": true,
        "template": "config/jsdoc/api/template"
    },
    "tags": {
        "allowUnknownTags": true
    },
    "source": {
        "includePattern": ".+\\.js(doc)?$",
        "excludePattern": "(^|\\/|\\\\)_",
        "include": [
            "src",
            "externs/oli.js",
            "externs/olx.js"
        ]
    },
    "plugins": [
        "plugins/markdown",
        "config/jsdoc/api/plugins/inheritdoc",
        "config/jsdoc/api/plugins/typedefs",
        "config/jsdoc/api/plugins/events",
        "config/jsdoc/api/plugins/observable",
        "config/jsdoc/api/plugins/api"
    ],
    "markdown": {
        "parser": "gfm"
    },
    "templates": {
        "cleverLinks": true,
        "monospaceLinks": true,
        "default": {
            "outputSourceFiles": false
        },
        "applicationName": "OpenLayers"
    },
    "jsVersion": 180
}
